Patient ID,Sex,Age,Date of Birth,Facility Name,DATIM Code,State,LGA,Date Confirmed Positive,ART Start Date,Current ART Regimen,Regimen Line,Visit Date,Next Pickup Date,Months of ARV Dispensed,Viral Load,VL Date,WHO Stage,Baseline CD4,Weight,TB Screen,Pregnancy Status,Current Status
FCT/WUS/0001,F,34,12/03/1992,Wuse District Hospital,NG-FCT-00123,FCT,Municipal,04/02/2019,18/02/2019,TLD,1st,05/05/2026,15/06/2026,3,TND,12/05/2026,1,340,62,No signs,Not Pregnant,Active
FCT/WUS/0002,M,41,08-Jul-84,Wuse District Hospital,NG-FCT-00123,FCT,Municipal,22-Mar-21,22-Mar-21,TDF/3TC/DTG,1st,12-May-26,20-Jun-26,3,<20,05-May-26,1,410,71,No signs,NA,Active
FCT/WUS/0003,F,28,14/09/1997,Wuse District Hospital,NG-FCT-00123,FCT,Municipal,-,15/04/2026,TLD,1st,15/04/2026,10/07/2026,3,,,1,999,58,No signs,Pregnant,Active
FCT/WUS/0004,M,52,03/04/1974,Wuse District Hospital,NG-FCT-00123,FCT,Municipal,10/03/1998,02/04/1998,AZT/3TC/NVP,1st,20/05/2026,25/06/2026,3,"1,450",18/05/2026,2,120,68,No signs,-,Active
FCT/WUS/0005,F,19,22-Nov-06,Wuse District Hospital,NG-FCT-00123,FCT,Municipal,05-Jan-24,09-Jan-24,TLD,1st,02-Jun-26,05-Jul-26,2,Not Detected,20-Apr-26,1,520,49,No signs,Not Pregnant,Active
FCT/WUS/0006,M,63,17/01/1963,Wuse District Hospital,NG-FCT-00123,FCT,Municipal,12/06/2015,20/06/2015,ABC/3TC/DTG,1st,28/04/2026,20/04/2026,3,890,15/04/2026,3,88,64,Presumptive TB,NA,Active
FCT/WUS/0007,F,45,09-Feb-81,Wuse District Hospital,NG-FCT-00123,FCT,Municipal,18-Aug-17,25-Aug-17,TLD,1st,10-Jun-26,12-Jul-26,3,LDL,02-Jun-26,1,300,70,No signs,Not Pregnant,Active
FCT/WUS/0007,F,45,09-Feb-81,Wuse District Hospital,NG-FCT-00123,FCT,Municipal,18-Aug-17,25-Aug-17,TLD,1st,14/06/2026,16/07/2026,3,LDL,02/06/2026,1,300,70,No signs,Not Pregnant,Active
FCT/WUS/0008,M,37,,Wuse District Hospital,NG-FCT-00123,FCT,Municipal,03/03/2022,03/03/2022,TLD,1st,18/05/2026,,3,45,10/05/2026,1,255,73,No signs,,Active
FCT/WUS/0009,F,31,05-Dec-94,Wuse District Hospital,NG-FCT-00123,FCT,Municipal,20-Feb-25,28-Feb-25,TLD,1st,,,,999,,1,-,55,No signs,Pregnant,Active
FCT/GWA/0021,M,29,11/07/1996,Gwagwalada Cottage Hospital,NG-FCT-00456,FCT,Gwagwalada,15/01/2026,20/01/2026,TLD,1st,06/06/2026,08/07/2026,3,TND,01/06/2026,1,480,66,No signs,-,Active
FCT/GWA/0021,M,29,11/07/1996,Gwagwalada Cottage Hospital,NG-FCT-00456,FCT,Gwagwalada,15/01/2026,20/01/2026,TLD,1st,04/03/2026,06/04/2026,2,TND,01/06/2026,1,480,66,No signs,-,Active
FCT/GWA/0022,F,24,,Gwagwalada Cottage Hospital,NG-FCT-00456,FCT,Gwagwalada,02-Apr-26,02-Apr-26,TLD,1st,02-Apr-26,04-Jul-26,3,,,1,,52,No signs,Pregnant,Active
FCT/GWA/0023,M,58,30/10/1967,Gwagwalada Cottage Hospital,NG-FCT-00456,FCT,Gwagwalada,08/08/2013,15/08/2013,AZT/3TC/LPV/r,2nd,22/05/2026,28/06/2026,3,"12,300",15/05/2026,3,95,60,No signs,NA,Active
FCT/GWA/0024,F,36,,Gwagwalada Cottage Hospital,NG-FCT-00456,FCT,Gwagwalada,17-Jun-20,17-Jun-20,TLD,1st,15/05/2026,15/05/2026,2,<400 copies/ml,10/05/2026,1,270,64,No signs,Not Pregnant,Died
FCT/GWA/0025,M,44,,Gwagwalada Cottage Hospital,NG-FCT-00456,FCT,Gwagwalada,-,10-Mar-19,1a,1st,20/04/2026,22/05/2026,2,750,12/04/2026,1,310,69,No signs,-,Transferred Out
FCT/GWA/0026,F,50,14/02/1976,Gwagwalada Cottage Hospital,NG-FCT-00456,FCT,Gwagwalada,09/09/2011,09/09/2011,TLD,1st,11/06/2026,13/07/2026,3,Not Detected,08/06/2026,1,150,71,No signs,Not Pregnant,Active
FCT/GWA/0027,M,15,03-Mar-11,Gwagwalada Cottage Hospital,NG-FCT-00456,FCT,Gwagwalada,20-May-13,25-May-13,4a,1st,09/05/2026,10/06/2026,2,320,02/05/2026,2,410,38,No signs,NA,Active
FCT/GWA/0028,F,9,18/12/2016,Gwagwalada Cottage Hospital,NG-FCT-00456,FCT,Gwagwalada,05/05/2018,12/05/2018,ABC/3TC/DTG,1st,25/05/2026,26/06/2026,3,TND,20/05/2026,1,700,24,No signs,,Active
FCT/GWA/0029,M,33,,Gwagwalada Cottage Hospital,NG-FCT-00456,FCT,Gwagwalada,12/12/2020,12/12/2020,TLD,1st,12/06/2026,01/06/2026,3,"1,450",,1,-,74,,NA,Active
FCT/GWA/0030,F,27,,Gwagwalada Cottage Hospital,NG-FCT-00456,FCT,Gwagwalada,08-Jan-26,08-Jan-26,TLD,1st,08-Jun-26,10-Jul-26,3,<20,05-Jun-26,1,390,57,No signs,Pregnant,Active
FCT/NYA/0041,M,140,,Nyanya General Hospital,NG-FCT-00789,FCT,AMAC,03/03/2020,10/03/2020,TLD,1st,03/06/2026,05/07/2026,3,TND,28/05/2026,1,220,70,No signs,-,Active
FCT/NYA/0042,F,30,12/05/1960,Nyanya General Hospital,NG-FCT-00789,FCT,AMAC,15/07/2018,15/07/2018,TLD,1st,29/05/2026,30/06/2026,3,60,25/05/2026,1,180,63,No signs,Not Pregnant,Active
FCT/NYA/0043,M,38,,Nyanya General Hospital,NG-FCT-00789,FCT,AMAC,10/05/2021,05/01/2021,TLD,1st,17/06/2026,19/07/2026,3,TND,10/06/2026,1,290,72,No signs,NA,Active
FCT/NYA/0044,M,47,,Nyanya General Hospital,NG-FCT-00789,FCT,AMAC,22-Apr-16,22-Apr-16,TLD,1st,12/12/2026,14/01/2027,3,LDL,01/06/2026,1,340,68,No signs,-,Active
FCT/NYA/0045,F,22,,Nyanya General Hospital,NG-FCT-00789,FCT,AMAC,05-May-26,05-May-26,TLD,1st,05-May-26,07-Aug-26,12,,,1,,50,No signs,Pregnant,Active
FCT/NYA/0046,M,55,,Nyanya General Hospital,NG-FCT-00789,FCT,AMAC,19/03/2014,25/03/2014,TDF/3TC/ATV/r,2nd,20/05/2026,21/06/2026,0,"3,400",14/05/2026,7,75,66,No signs,NA,Active
FCT/NYA/0047,F,41,,Nyanya General Hospital,NG-FCT-00789,FCT,AMAC,11/11/2019,11/11/2019,TLD,1st,03/05/2026,04/06/2026,3,TND,20/03/2018,1,260,61,No signs,Not Pregnant,Active
FCT/NYA/0048,M,26,,Nyanya General Hospital,NG-FCT-00789,FCT,AMAC,-,,TLD,1st,10/06/2026,12/07/2026,3,TND,05/06/2026,1,-,69,No signs,-,Active
FCT/NYA/0049,F,35,,Nyanya General Hospital,NG-FCT-00789,FCT,AMAC,08/02/2023,08/02/2023,,,28/05/2026,29/06/2026,3,95,22/05/2026,1,410,58,No signs,Not Pregnant,Active
FCT/NYA/0050,M,31,,Nyanya General Hospital,NG-FCT-00789,FCT,AMAC,14/08/2023,14/08/2023,TLD,1st,15/01/2026,12/09/2024,3,TND,10/01/2026,1,300,70,No signs,-,Active
FCT/NYA/0051,M,29,,Nyanya General Hospital,NG-FCT-00789,FCT,AMAC,17-Feb-22,17-Feb-22,TLD,1st,04-Jun-26,06-Jul-26,3,Not Detected,30-May-26,1,350,67,No signs,Pregnant,Active
FCT/NYA/0052,F,48,,Nyanya General Hospital,NG-FCT-00789,FCT,AMAC,30/06/2012,30/06/2012,TLD,1st,09/06/2026,11/07/2026,3,TND,04/06/2026,1,200,65,No signs,Not Pregnant,Active
FCT/NYA/0053,F,17,25/08/2008,Nyanya General Hospital,NG-FCT-00789,FCT,AMAC,12/12/2024,20/12/2024,TLD,1st,21/05/2026,23/06/2026,3,"2,100",15/05/2026,2,290,47,No signs,Not Pregnant,Active
FCT/NYA/0054,M,4,14/02/2022,Nyanya General Hospital,NG-FCT-00789,FCT,AMAC,03/03/2022,10/03/2022,4b,1st,18/05/2026,20/06/2026,3,TND,12/05/2026,1,,16,No signs,NA,Active
FCT/KUB/0061,F,39,,Kubwa General Hospital,NG-FCT-00901,FCT,Bwari,02-Feb-20,02-Feb-20,TLD,1st,01-Jun-26,03-Jul-26,3,<20,25-May-26,1,320,62,No signs,Not Pregnant,Active
FCT/KUB/0062,M,45,,Kubwa General Hospital,NG-FCT-00901,FCT,Bwari,15/05/2026,15/05/2026,TLD,1st,15/05/2026,17/08/2026,3,,,1,405,73,No signs,-,Active
FCT/KUB/0063,F,33,,Kubwa General Hospital,NG-FCT-00901,FCT,Bwari,20/04/2026,20/04/2026,TLD,1st,20/04/2026,22/07/2026,3,,,1,,54,No signs,Pregnant,Active
FCT/KUB/0064,M,61,,Kubwa General Hospital,NG-FCT-00901,FCT,Bwari,09/09/2009,09/09/2009,AZT/3TC/EFV,1st,10/04/2026,12/05/2026,2,TND,05/04/2026,1,140,69,No signs,NA,Stopped Treatment
FCT/KUB/0065,F,25,,Kubwa General Hospital,NG-FCT-00901,FCT,Bwari,11-Nov-25,11-Nov-25,TLD,1st,11-Apr-26,13-May-26,2,999,05-Apr-26,1,-,56,No signs,Not Pregnant,LTFU
FCT/KUB/0066,M,36,,Kubwa General Hospital,NG-FCT-00901,FCT,Bwari,05/05/2017,05/05/2017,TLD,1st,05/06/2026,07/07/2026,3,TND,01/06/2026,1,380,71,No signs,-,Active
FCT/KUB/0067,F,29,,Kubwa General Hospital,NG-FCT-00901,FCT,Bwari,18/03/2024,18/03/2024,TLD,1st,12/06/2026,14/07/2026,3,Not Detected,08/06/2026,1,420,59,No signs,Pregnant,Active
FCT/KUB/0068,M,52,,Kubwa General Hospital,NG-FCT-00901,FCT,Bwari,22-Dec-18,22-Dec-18,TLD,1st,26-May-26,28-Jun-26,3,"8,900",20-May-26,2,110,67,Presumptive TB,NA,Active
FCT/KUB/0069,F,44,,Kubwa General Hospital,NG-FCT-00901,FCT,Bwari,07/07/2015,07/07/2015,TLD,1st,07/06/2026,09/07/2026,3,TND,02/06/2026,1,230,63,No signs,Not Pregnant,Active
FCT/KUB/0070,M,-3,,Kubwa General Hospital,NG-FCT-00901,FCT,Bwari,14/01/2021,14/01/2021,TLD,1st,14/06/2026,16/07/2026,3,TND,10/06/2026,1,300,70,No signs,-,Active
FCT/WUS/0010,F,23,,Wuse District Hospital,NG-FCT-00123,FCT,Municipal,09-Sep-24,09-Sep-24,TLD,1st,02-Jun-26,04-Jul-26,3,TND,28-May-26,1,470,53,No signs,Not Pregnant,Active
FCT/WUS/0011,M,49,,Wuse District Hospital,NG-FCT-00123,FCT,Municipal,13/13/2019,20/06/2019,TLD,1st,20/05/2026,21/06/2026,3,< 50,15/05/2026,1,260,72,No signs,NA,Active
FCT/WUS/0012,F,38,32214,Wuse District Hospital,NG-FCT-00123,FCT,Municipal,42186,42193,TLD,1st,46162,46195,3,TND,46157,1,300,60,No signs,Not Pregnant,Active
FCT/GWA/0031,M,42,,Gwagwalada Cottage Hospital,NG-FCT-00456,FCT,Gwagwalada,16-Jun-22,16-Jun-22,1j,1st,16-May-26,18-Jun-26,3,TND,10-May-26,1,330,68,No signs,-,Active
FCT/GWA/0032,F,26,,Gwagwalada Cottage Hospital,NG-FCT-00456,FCT,Gwagwalada,03/03/2025,03/03/2025,2e,2nd,03/06/2026,05/07/2026,3,"1,050",30/05/2026,1,240,55,No signs,Not Pregnant,Active
FCT/GWA/0033,M,34,,Gwagwalada Cottage Hospital,NG-FCT-00456,FCT,Gwagwalada,21/04/2026,21/04/2026,TLD,1st,21/04/2026,23/07/2026,3,,,1,510,70,No signs,-,Active
FCT/NYA/0055,F,53,,Nyanya General Hospital,NG-FCT-00789,FCT,AMAC,10-Oct-10,10-Oct-10,TLD,1st,10-Jun-26,12-Jul-26,3,TND,05-Jun-26,1,160,64,No signs,Not Pregnant,Active
FCT/NYA/0056,M,21,,Nyanya General Hospital,NG-FCT-00789,FCT,AMAC,05/06/2026,05/06/2026,TLD,1st,05/06/2026,07/09/2026,3,,,1,600,61,No signs,NA,Active
FCT/NYA/0057,F,46,,Nyanya General Hospital,NG-FCT-00789,FCT,AMAC,28/02/2016,28/02/2016,TLD,1st,,,,TND,20/05/2026,1,280,62,No signs,Not Pregnant,Active
FCT/KUB/0072,M,57,,Kubwa General Hospital,NG-FCT-00901,FCT,Bwari,17/07/2013,17/07/2013,TLD,1st,17/05/2026,19/06/2026,3,TND,12/05/2026,1,130,66,No signs,-,Active
FCT/KUB/0073,F,32,,Kubwa General Hospital,NG-FCT-00901,FCT,Bwari,24-Apr-26,24-Apr-26,TLD,1st,24-Apr-26,26-Jul-26,3,,,1,450,58,No signs,Pregnant,Active
FCT/KUB/0074,M,28,,Kubwa General Hospital,NG-FCT-00901,FCT,Bwari,19/05/2026,19/05/2026,TLD,1st,19/05/2026,21/08/2026,3,,,-,,69,No signs,-,Active
FCT/KUB/0075,F,50,,Kubwa General Hospital,NG-FCT-00901,FCT,Bwari,08/08/2008,08/08/2008,AZT/3TC/LPV/r,2nd,08/06/2026,10/07/2026,3,620,03/06/2026,1,90,60,Presumptive TB,Not Pregnant,Active
FCT/WUS/0013,M,40,,Wuse District Hospital,NG-FCT-00123,FCT,Municipal,12-Dec-12,12-Dec-12,TLD,1st,12-Jun-26,14-Jul-26,3,Undetectable,06-Jun-26,1,210,74,No signs,NA,Active
FCT/WUS/0014,F,58,,Wuse District Hospital,NG-FCT-00123,FCT,Municipal,03/04/2026,03/04/2026,TLD,1st,03/04/2026,05/07/2026,3,,,1,380,57,No signs,Not Pregnant,Active
