Patient ID,Infant Sex,Date of Birth,Age (Months),Sample sent from,Sample Reference Number,Date Specimen Drawn,Date Specimen Received,Date Assay Performed,Date Result Sent Back,Was Sample Testable,Reason for PCR,Test Result,ART administered to Mother during pregnancy,Baby received,Was baby ever breastfed,Is baby breastfeeding now,Cotrimoxazole given to baby,Rapid test done
DEMO-EID/26/0001,F,15/02/2026,2,Northgate District Hospital,RLAB-2026-0001,10/04/2026,14/04/2026,18/04/2026,22/04/2026,Yes,First PCR at 6 weeks,Negative,Yes,Yes,Yes,Yes,Yes,No
DEMO-EID/26/0002,M,03-Mar-26,1,Northgate District Hospital,RLAB-2026-0002,15-Apr-26,18-Apr-26,21-Apr-26,25-Apr-26,Yes,First PCR at 6 weeks,Negative,Yes,Yes,Yes,Yes,Yes,No
DEMO-EID/26/0003,F,20/01/2026,3,Northgate District Hospital,RLAB-2026-0003,22/04/2026,29/04/2026,05/05/2026,20/05/2026,Yes,Repeat test,Positive,No,No,Yes,Yes,NA,No
DEMO-EID/26/0004,M,05/12/2025,5,Northgate District Hospital,RLAB-2026-0004,12/05/2026,20/05/2026,02/06/2026,,Yes,First PCR,Negative,Yes,Yes,Yes,Yes,Yes,No
DEMO-EID/26/0005,F,18-Apr-26,0,Northgate District Hospital,RLAB-2026-0005,10-Apr-26,13-Apr-26,16-Apr-26,19-Apr-26,Yes,First PCR,Negative,Yes,Yes,No,No,Yes,No
DEMO-EID/26/0006,M,01/11/2025,7,Northgate District Hospital,RLAB-2026-0006,05/06/2026,09/06/2026,12/06/2026,10/06/2026,Yes,Repeat test,Negative,Yes,Yes,Yes,Yes,Yes,No
DEMO-EID/26/0007,F,22/09/2025,9,Brookside Cottage Hospital,RLAB-2026-0007,20/06/2026,26/06/2026,30/06/2026,,Yes,Confirm status,Negative,999,NA,Yes,Yes,-,No
DEMO-EID/26/0008,M,10-Oct-25,8,Brookside Cottage Hospital,RLAB-2026-0008,15-May-26,22-May-26,28-May-26,15-Jun-26,Yes,Repeat test,Negative,Yes,Yes,Yes,No,Yes,No
DEMO-EID/26/0009,F,04/03/2026,1,Brookside Cottage Hospital,RLAB-2026-0009,20/04/2026,23/04/2026,27/04/2026,30/04/2026,Yes,First PCR,Negative,Yes,Yes,Yes,Yes,Yes,No
DEMO-EID/26/0010,M,12/02/2026,2,Brookside Cottage Hospital,RLAB-2026-0010,08/04/2026,15/04/2026,25/04/2026,10/06/2026,Yes,First PCR,Positive,No,No,Yes,Yes,No,No
DEMO-EID/26/0011,F,,4,Brookside Cottage Hospital,RLAB-2026-0011,18-May-26,21-May-26,24-May-26,27-May-26,Yes,First PCR,Negative,Yes,Yes,Yes,Yes,Yes,No
DEMO-EID/26/0012,M,25/07/2025,11,Brookside Cottage Hospital,RLAB-2026-0012,10/06/2026,13/06/2026,17/06/2026,21/06/2026,Yes,Confirm status,Negative,Yes,Yes,Yes,No,Yes,Yes
DEMO-EID/26/0013,F,08/01/2026,3,Millfield General Hospital,RLAB-2026-0013,14/04/2026,17/04/2026,20/04/2026,24/04/2026,No,First PCR,Negative,Yes,Yes,Yes,Yes,Yes,No
DEMO-EID/26/0014,M,30-Mar-26,1,Millfield General Hospital,RLAB-2026-0014,12-May-26,15-May-26,19-May-26,23-May-26,Yes,First PCR,Negative,Yes,Yes,No,No,Yes,No
DEMO-EID/26/0015,F,17/02/2026,2,Millfield General Hospital,RLAB-2026-0015,16/04/2026,19/04/2026,23/04/2026,,Yes,First PCR,Positive,No,No,Yes,Yes,-,No
DEMO-EID/26/0016,M,05/05/2026,2,Millfield General Hospital,RLAB-2026-0016,20/06/2026,24/06/2026,27/06/2026,30/06/2026,Yes,First PCR,Negative,Yes,Yes,Yes,Yes,Yes,No
DEMO-EID/26/0017,F,14-Nov-25,7,Millfield General Hospital,RLAB-2026-0017,15-Jun-26,18-Jun-26,22-Jun-26,26-Jun-26,Yes,Repeat test,Negative,Yes,NA,Yes,Yes,Yes,No
DEMO-EID/26/0018,M,02/12/2025,6,Millfield General Hospital,RLAB-2026-0018,04/06/2026,06/06/2026,09/06/2026,12/06/2026,Yes,First PCR,Indeterminate,Yes,Yes,Yes,Yes,Yes,No
DEMO-EID/26/0019,F,19/03/2026,1,Ridgeview General Hospital,RLAB-2026-0019,06/05/2026,09/05/2026,12/05/2026,16/05/2026,Yes,First PCR,Negative,Yes,Yes,Yes,Yes,Yes,No
DEMO-EID/26/0020,M,28/02/2026,2,Ridgeview General Hospital,RLAB-2026-0020,25/04/2026,02/05/2026,08/05/2026,,Yes,First PCR,Negative,Yes,Yes,Yes,Yes,Yes,No
DEMO-EID/26/0021,F,10-Jan-26,4,Ridgeview General Hospital,RLAB-2026-0021,20-May-26,24-May-26,29-May-26,03-Jun-26,Yes,Repeat test,Negative,Yes,Yes,Yes,No,Yes,No
DEMO-EID/26/0022,M,15/08/2025,12,Ridgeview General Hospital,RLAB-2026-0022,18/06/2026,21/06/2026,25/06/2026,29/06/2026,Yes,Confirm status,Positive,No,No,Yes,Yes,No,Yes
DEMO-EID/26/0023,F,22/04/2026,2,Ridgeview General Hospital,RLAB-2026-0023,10/06/2026,12/06/2026,15/06/2026,18/06/2026,Yes,First PCR,Negative,Yes,Yes,Yes,Yes,Yes,No
DEMO-EID/26/0024,M,01/03/2026,8,Ridgeview General Hospital,RLAB-2026-0024,28/04/2026,30/04/2026,04/05/2026,08/05/2026,Yes,First PCR,Negative,Yes,Yes,Yes,Yes,Yes,No
DEMO-EID/26/0025,F,12-Feb-26,2,Northgate District Hospital,RLAB-2026-0025,12-Apr-26,16-Apr-26,20-Apr-26,25-Apr-26,Yes,First PCR,Negative,Yes,Yes,Yes,Yes,Yes,No
DEMO-EID/26/0026,M,05/01/2026,3,Northgate District Hospital,RLAB-2026-0026,08/04/2026,04/04/2026,12/04/2026,16/04/2026,Yes,First PCR,Negative,Yes,Yes,Yes,Yes,Yes,No
DEMO-EID/26/0027,F,20/10/2025,8,Northgate District Hospital,RLAB-2026-0027,22/06/2026,25/06/2026,20/06/2026,28/06/2026,Yes,Repeat test,Negative,Yes,Yes,Yes,No,Yes,No
DEMO-EID/26/0028,M,14/04/2026,2,Brookside Cottage Hospital,RLAB-2026-0028,05/06/2026,08/06/2026,11/06/2026,14/06/2026,Yes,First PCR,Negative,NA,Yes,No,No,Yes,No
DEMO-EID/26/0029,F,,-,Brookside Cottage Hospital,RLAB-2026-0029,15/05/2026,18/05/2026,22/05/2026,26/05/2026,Yes,First PCR,NA,Yes,Yes,Yes,Yes,Yes,No
DEMO-EID/26/0030,M,09/09/2025,9,Brookside Cottage Hospital,RLAB-2026-0030,12/06/2026,15/06/2026,19/06/2026,24/06/2026,Yes,Confirm status,Negative,Yes,Yes,Yes,Yes,Yes,-
DEMO-EID/26/0031,F,26-Feb-26,2,Millfield General Hospital,RLAB-2026-0031,24-Apr-26,27-Apr-26,01-May-26,05-May-26,Yes,First PCR,Negative,Yes,Yes,Yes,Yes,Yes,No
DEMO-EID/26/0032,M,18/03/2026,1,Millfield General Hospital,RLAB-2026-0032,02/05/2026,05/05/2026,09/05/2026,13/05/2026,Yes,First PCR,Negative,Yes,Yes,Yes,Yes,Yes,No
DEMO-EID/26/0033,F,07/12/2025,6,Millfield General Hospital,RLAB-2026-0033,10/06/2026,20/06/2026,28/06/2026,,Yes,Repeat test,Negative,Yes,Yes,Yes,Yes,Yes,No
DEMO-EID/26/0034,M,29/01/2026,4,Ridgeview General Hospital,RLAB-2026-0034,03/06/2026,06/06/2026,10/06/2026,15/06/2026,Yes,First PCR,Negative,Yes,Yes,Yes,No,Yes,No
DEMO-EID/26/0035,F,11-Nov-25,7,Ridgeview General Hospital,RLAB-2026-0035,08-Jun-26,11-Jun-26,16-Jun-26,20-Jun-26,Yes,Repeat test,Positive,No,Yes,Yes,Yes,Yes,No
DEMO-EID/26/0036,M,22/02/2026,2,Ridgeview General Hospital,RLAB-2026-0036,18/04/2026,21/04/2026,26/04/2026,02/05/2026,Yes,First PCR,Negative,Yes,Yes,Yes,Yes,Yes,No
DEMO-EID/26/0037,F,03/05/2026,2,Northgate District Hospital,RLAB-2026-0037,25/06/2026,28/06/2026,30/06/2026,,Yes,First PCR,Negative,Yes,Yes,Yes,Yes,Yes,No
DEMO-EID/26/0038,M,16/12/2025,6,Northgate District Hospital,RLAB-2026-0038,14/06/2026,17/06/2026,21/06/2026,25/06/2026,Yes,First PCR,Negative,Yes,Yes,Yes,Yes,Yes,No
DEMO-EID/26/0039,F,30/03/2026,1,Brookside Cottage Hospital,RLAB-2026-0039,16/05/2026,19/05/2026,23/05/2026,29/05/2026,Yes,First PCR,Negative,Yes,Yes,Yes,Yes,Yes,No
DEMO-EID/26/0040,M,08-Aug-25,10,Millfield General Hospital,RLAB-2026-0040,22/06/2026,25/06/2026,29/06/2026,,Yes,Confirm status,Indeterminate,Yes,Yes,Yes,No,Yes,No
